{
  "kind": "collectionType",
  "collectionName": "communities",
  "info": {
    "singularName": "communitie",
    "pluralName": "communities",
    "displayName": "Communitie",
    "description": ""
  },
  "options": {
    "draftAndPublish": true
  },
  "pluginOptions": {},
  "attributes": {
    "name": {
      "type": "string"
    },
    "city": {
      "type": "string"
    },
    "about": {
      "type": "text"
    },
    "representatives": {
      "type": "relation",
      "relation": "oneToMany",
      "target": "api::representative.representative"
    },
    "social_network": {
      "type": "relation",
      "relation": "oneToOne",
      "target": "api::social-network.social-network"
    },
    "events": {
      "type": "relation",
      "relation": "oneToMany",
      "target": "api::event.event"
    },
    "country": {
      "type": "enumeration",
      "enum": [
        "ae-United Arab Emirates",
        "af-Afghanistan",
        "ag-Antigua and Barbuda",
        "al-Albania",
        "am-Armenia",
        "ao-Angola",
        "ar-Argentina",
        "as-American Samoa",
        "at-Austria",
        "au-Australia",
        "az-Azerbaijan",
        "ba-Bosnia and Herzegovina",
        "bb-Barbados",
        "bd-Bangladesh",
        "be-Belgium",
        "bf-Burkina Faso",
        "bg-Bulgaria",
        "bh-Bahrain",
        "bi-Burundi",
        "bj-Benin",
        "bn-Brunei",
        "bo-Bolivia",
        "br-Brazil",
        "bs-Bahamas",
        "bt-Bhutan",
        "bu-Burma",
        "bw-Botswana",
        "by-Belarus",
        "bz-Belize",
        "ca-Canada",
        "cd-Democratic Republic of the Congo",
        "cf-Central African Republic",
        "cg-Congo",
        "ch-Switzerland",
        "ci-Ivory Coast",
        "cl-Chile",
        "cm-Cameroon",
        "cn-China",
        "cnm-Caribbean Netherlands",
        "co-Colombia",
        "cr-Costa Rica",
        "cv-Cape Verde",
        "cy-Cyprus",
        "cz-Czech Republic",
        "de-Germany",
        "dj-Djibouti",
        "dk-Denmark",
        "dm-Dominica",
        "do-Dominican Republic",
        "dz-Algeria",
        "ec-Ecuador",
        "ee-Estonia",
        "eg-Egypt",
        "eh-Western Sahara",
        "er-Eritrea",
        "es-Spain",
        "et-Ethiopia",
        "fj-Fiji",
        "fm-Federated States of Micronesia",
        "fo-Faroe Islands",
        "fr-France",
        "ga-Gabon",
        "gb-United Kingdom",
        "gd-Grenada",
        "ge-Georgia",
        "gh-Ghana",
        "gm-Gambia",
        "gn-Guinea",
        "gq-Equatorial Guinea",
        "gr-Greece",
        "gt-Guatemala",
        "gu-Guam",
        "gw-Guinea-Bissau",
        "gy-Guyana",
        "hk-Hong Kong",
        "hn-Honduras",
        "hr-Croatia",
        "ht-Haiti",
        "hu-Hungary",
        "id-Indonesia",
        "ie-Ireland",
        "il-Israel",
        "in-India",
        "ir-Iran",
        "iq-Iraq",
        "is-Iceland",
        "it-Italy",
        "jm-Jamaica",
        "jo-Jordan",
        "jp-Japan",
        "ke-Kenya",
        "kg-Kyrgyzstan",
        "kh-Cambodia",
        "km-Comoros",
        "kn-Saint Kitts and Nevis",
        "kp-North Korea",
        "kr-South Korea",
        "kw-Kuwait",
        "kz-Kazakhstan",
        "la-Laos",
        "lb-Lebanon",
        "lc-Saint Lucia",
        "li-Liechtenstein",
        "lk-Sri Lanka",
        "lr-Liberia",
        "ls-Lesotho",
        "lt-Lithuania",
        "lu-Luxembourg",
        "lv-Latvia",
        "ma-Morocco",
        "mc-Monaco",
        "md-Moldova",
        "me-Montenegro",
        "mg-Madagascar",
        "mh-Marshall Islands",
        "mk-North Macedonia",
        "ml-Mali",
        "mm-Myanmar",
        "mn-Mongolia",
        "mo-Macau",
        "mp-Northern Mariana Islands",
        "mr-Mauritania",
        "mt-Malta",
        "mu-Mauritius",
        "mv-Maldives",
        "mw-Malawi",
        "mx-Mexico",
        "my-Malaysia",
        "mz-Mozambique",
        "na-Namibia",
        "nc-New Caledonia",
        "ne-Niger",
        "ng-Nigeria",
        "ni-Nicaragua",
        "nl-Netherlands",
        "no-Norway",
        "np-Nepal",
        "nr-Nauru",
        "nz-New Zealand",
        "om-Oman",
        "pa-Panama",
        "pe-Peru",
        "pg-Papua New Guinea",
        "ph-Philippines",
        "pk-Pakistan",
        "pl-Poland",
        "pr-Puerto Rico",
        "ps-Palestine",
        "pt-Portugal",
        "pw-Palau",
        "py-Paraguay",
        "qa-Qatar",
        "ro-Romania",
        "rs-Serbia",
        "ru-Russia",
        "rw-Rwanda",
        "sa-Saudi Arabia",
        "sb-Solomon Islands",
        "sc-Seychelles",
        "sd-Sudan",
        "se-Sweden",
        "sg-Singapore",
        "si-Slovenia",
        "sk-Slovakia",
        "sl-Sierra Leone",
        "sm-San Marino",
        "sn-Senegal",
        "so-Somalia",
        "sr-Suriname",
        "ss-South Sudan",
        "st-Sao Tome and Principe",
        "sv-El Salvador",
        "sy-Syria",
        "sz-Swaziland",
        "td-Chad",
        "tg-Togo",
        "th-Thailand",
        "tj-Tajikistan",
        "tm-Turkmenistan",
        "tn-Tunisia",
        "to-Tonga",
        "tr-Turkey",
        "tt-Trinidad and Tobago",
        "tv-Tuvalu",
        "tw-Taiwan",
        "tz-Tanzania",
        "ua-Ukraine",
        "ug-Uganda",
        "um-United States Minor Outlying Islands",
        "us-United States",
        "uy-Uruguay",
        "uz-Uzbekistan",
        "va-Vatican City",
        "vc-Saint Vincent and the Grenadines",
        "ve-Venezuela",
        "vi-Virgin Islands",
        "vn-Vietnam",
        "vu-Vanuatu",
        "ws-Samoa",
        "ye-Yemen",
        "za-South Africa",
        "zm-Zambia",
        "zw-Zimbabwe"
      ]
    },
    "lat": {
      "type": "string"
    },
    "lon": {
      "type": "string"
    },
    "friendly": {
      "type": "relation",
      "relation": "oneToMany",
      "target": "api::communitie.communitie"
    },
    "unfriendlies": {
      "type": "relation",
      "relation": "oneToMany",
      "target": "api::communitie.communitie"
    }
  }
}
