{
  "kind": "collectionType",
  "collectionName": "social_networks",
  "info": {
    "singularName": "social-network",
    "pluralName": "social-networks",
    "displayName": "Social_network",
    "description": ""
  },
  "options": {
    "draftAndPublish": true
  },
  "pluginOptions": {},
  "attributes": {
    "instagram": {
      "type": "string"
    },
    "twitter": {
      "type": "string"
    },
    "facebook": {
      "type": "string"
    },
    "telegram": {
      "type": "string"
    }
  }
}
